Date,ASIAN Open,ASIAN High,ASIAN Low,ASIAN Close,ASIAN Adj Close,ASIAN Volume,Dmart Open,Dmart High,Dmart Low,Dmart Close,Dmart Adj Close,Dmart Volume,,,Drop Down,,,,Date,Dmart High,ASIAN High
3/24/2021,2410.300049,2470,2410,2443.550049,2368.210938,4132092,2967,2967,2841.75,2855.75,2855.75,25783,,,Dmart High,,,,3/24/2021,2967,2470
3/25/2021,2450.949951,2469,2392,2402.199951,2328.135986,2272545,2872,2890.600098,2775,2795.25,2795.25,48610,,,ASIAN High,,,,3/25/2021,2890.600098,2469
3/26/2021,2425,2513.949951,2409.100098,2505.149902,2427.911621,3084607,2827,2897,2807.199951,2854.800049,2854.800049,23383,,,Dmart,,,,3/26/2021,2897,2513.949951
3/30/2021,2539.100098,2583.449951,2521.5,2578.050049,2498.564209,2332884,2897,2916.350098,2808.850098,2834.350098,2834.350098,27046,,,,,,,3/30/2021,2916.350098,2583.449951
3/31/2021,2578.050049,2582.949951,2531,2537.399902,2459.167725,1616044,2890,2890,2830,2854.050049,2854.050049,17028,,,,,,,3/31/2021,2890,2582.949951
4/1/2021,2532,2564.550049,2532,2551.75,2473.075195,1219588,2890,2925,2860,2911.399902,2911.399902,14970,,,,,,,4/1/2021,2925,2564.550049
4/5/2021,2558,2558,2484.5,2510.649902,2433.241943,1268939,2909.949951,2909.949951,2795,2848.399902,2848.399902,21311,,OPEN,2855.75,,,,4/5/2021,2909.949951,2558
4/6/2021,2526,2620,2504.5,2611.600098,2531.079834,3372846,2879,2879,2824.399902,2844.850098,2844.850098,54802,,HIGH,48610,,,,4/6/2021,2879,2620
4/7/2021,2605,2668.050049,2600.100098,2628.600098,2547.555908,1937977,2850,2898.449951,2836.050049,2889.199951,2889.199951,37262,,LOW,0,,,,4/7/2021,2898.449951,2668.050049
4/8/2021,2630,2658.399902,2628,2650.649902,2568.925781,897483,2899.899902,2955.649902,2897.600098,2935.350098,2935.350098,23204,,52 WEEK HIGH,2677,,,,4/8/2021,2955.649902,2658.399902
4/9/2021,2635,2655,2610.149902,2630.800049,2549.687744,1185017,2939,2972,2920,2947.550049,2947.550049,14850,,52 WEEK LOW,5899.899902,,,,4/9/2021,2972,2655
4/12/2021,2578.199951,2610,2555,2602.199951,2521.969482,1427691,2923,2923,2790,2816.25,2816.25,28663,,,,,,,4/12/2021,2923,2610
4/13/2021,2600,2626,2564.300049,2570.699951,2491.440674,1200230,2822.199951,2884.25,2812.050049,2834.550049,2834.550049,31399,,,,,,,4/13/2021,2884.25,2626
4/15/2021,2590,2593.550049,2537,2587.699951,2507.916748,1209829,2803,2950,2803,2932.75,2932.75,35167,,,,,,,4/15/2021,2950,2593.550049
4/16/2021,2587.600098,2693.5,2581.699951,2663.699951,2581.57373,2760777,2938,2981.949951,2893.699951,2919.399902,2919.399902,46711,,,,,,,4/16/2021,2981.949951,2693.5
4/19/2021,2650,2650,2566.850098,2571.899902,2492.604248,1552036,2872.300049,2872.300049,2817,2852.699951,2852.699951,16843,,,,,,,4/19/2021,2872.300049,2650
4/20/2021,2600,2604.699951,2528.800049,2553.649902,2474.91626,1489287,2880,2889.199951,2756.550049,2778.300049,2778.300049,33616,,,,,,,4/20/2021,2889.199951,2604.699951
4/22/2021,2555.649902,2557,2488,2511.25,2433.823975,1690758,2785,2791.449951,2678.300049,2715.649902,2715.649902,80781,,,,,,,4/22/2021,2791.449951,2557
4/23/2021,2527.100098,2565,2496.199951,2517.949951,2440.317627,1614593,2715.649902,2746.199951,2677,2711.850098,2711.850098,23137,,,,,,,4/23/2021,2746.199951,2565
4/26/2021,2530,2575,2530,2557.899902,2479.035645,1103980,2740,2820.300049,2721,2807.949951,2807.949951,27467,,,,,,,4/26/2021,2820.300049,2575
4/27/2021,2545,2579.899902,2534,2574.350098,2494.978271,866331,2824,2864.949951,2811.050049,2827.75,2827.75,21917,,,,,,,4/27/2021,2864.949951,2579.899902
4/28/2021,2588,2620.25,2575,2614.550049,2533.938965,1065561,2865,2952.949951,2849,2936.949951,2936.949951,61905,,,,,,,4/28/2021,2952.949951,2620.25
4/29/2021,2630,2642,2570,2613.449951,2532.872559,1295346,2949.949951,2986.899902,2879.949951,2900,2900,48397,,,,,,,4/29/2021,2986.899902,2642
4/30/2021,2595,2605.800049,2524.050049,2536.399902,2458.198486,1384907,2899,2930,2820,2858.550049,2858.550049,17987,,,,,,,4/30/2021,2930,2605.800049
5/3/2021,2510,2595.100098,2505.600098,2582.149902,2502.537598,1034774,2835,2910,2820.800049,2897.600098,2897.600098,26570,,,,,,,5/3/2021,2910,2595.100098
5/4/2021,2605,2617.949951,2571.550049,2587.149902,2507.383545,1058140,2914,2934.800049,2850,2858.949951,2858.949951,11954,,,,,,,5/4/2021,2934.800049,2617.949951
5/5/2021,2617,2617,2546.100098,2567.649902,2488.484863,1220186,2884,2889,2854.149902,2875.649902,2875.649902,16494,,,,,,,5/5/2021,2889,2617
5/6/2021,2579.850098,2581.850098,2528,2549.050049,2470.458496,1518119,2861,2893.649902,2851,2878.050049,2878.050049,13623,,,,,,,5/6/2021,2893.649902,2581.850098
5/7/2021,2555,2590,2541.5,2551.649902,2472.978516,1416102,2895,2954.949951,2851,2888.75,2888.75,17826,,,,,,,5/7/2021,2954.949951,2590
5/10/2021,2589,2589,2542.149902,2556.949951,2478.114746,1526814,2939,2957.600098,2840.199951,2853.199951,2853.199951,40512,,,,,,,5/10/2021,2957.600098,2589
5/11/2021,2533,2562,2521.300049,2556.25,2477.436523,1168363,2841.399902,2884,2823.899902,2849.649902,2849.649902,31143,,,,,,,5/11/2021,2884,2562
5/12/2021,2577,2588.949951,2530,2556.199951,2477.387939,2085630,2865,2873.050049,2829.899902,2856.199951,2856.199951,11513,,,,,,,5/12/2021,2873.050049,2588.949951
5/14/2021,2620,2835.25,2601.550049,2774.5,2688.957275,10543708,2875,2875,2830,2843.050049,2843.050049,20575,,,,,,,5/14/2021,2875,2835.25
5/17/2021,2782,2824.199951,2747.550049,2782.75,2696.952881,2134352,2864,2909,2841.800049,2895.600098,2895.600098,19884,,,,,,,5/17/2021,2909,2824.199951
5/18/2021,2797,2845,2789,2821.800049,2734.799316,1328605,2915,3079,2913.5,3054.5,3054.5,44509,,,,,,,5/18/2021,3079,2845
5/19/2021,2805.149902,2849,2798.649902,2815.850098,2729.032471,1219067,3071,3094.800049,3009.149902,3024.449951,3024.449951,54046,,,,,,,5/19/2021,3094.800049,2849
5/20/2021,2814,2845,2778.5,2794.100098,2707.953125,1211975,3044.449951,3052.25,3000.050049,3025.75,3025.75,14489,,,,,,,5/20/2021,3052.25,2845
5/21/2021,2807,2854,2795,2832.5,2745.169678,1328308,3055,3068.850098,3014.350098,3032.449951,3032.449951,24280,,,,,,,5/21/2021,3068.850098,2854
5/24/2021,2846,2849,2808.199951,2819.199951,2732.279053,813091,3060,3061.699951,3019.399902,3036.75,3036.75,15829,,,,,,,5/24/2021,3061.699951,2849
5/25/2021,2836.899902,2922.649902,2822.75,2914.399902,2824.543945,2730112,3059.899902,3122.399902,3055,3103.25,3103.25,25818,,,,,,,5/25/2021,3122.399902,2922.649902
5/26/2021,2939.850098,2947.899902,2910.399902,2941.600098,2850.905518,1250531,3129.600098,3135,3070,3095.899902,3095.899902,17227,,,,,,,5/26/2021,3135,2947.899902
5/27/2021,2950,2965,2902.25,2949.350098,2858.416504,2415085,3099.899902,3109.699951,3007.050049,3026.600098,3026.600098,11491,,,,,,,5/27/2021,3109.699951,2965
5/28/2021,2958.149902,2963.800049,2931.149902,2940.699951,2850.032959,711383,3050,3103.550049,2995.199951,3018.149902,3018.149902,36493,,,,,,,5/28/2021,3103.550049,2963.800049
5/31/2021,2938,2989.949951,2936.100098,2977.5,2885.698486,2093635,3048,3084.199951,3021.449951,3070.300049,3070.300049,15052,,,,,,,5/31/2021,3084.199951,2989.949951
6/1/2021,2965,2982.600098,2915.100098,2931,2840.632324,1194073,3070.300049,3089.800049,3033,3045.449951,3045.449951,26384,,,,,,,6/1/2021,3089.800049,2982.600098
6/2/2021,2918.850098,2933.75,2877.149902,2903.699951,2814.173828,2067842,3068,3092,3052.899902,3065.649902,3065.649902,21144,,,,,,,6/2/2021,3092,2933.75
6/3/2021,2919.600098,2942,2904.050049,2935.350098,2844.848145,1404434,3089,3200,3076.5,3192.5,3192.5,39506,,,,,,,6/3/2021,3200,2942
6/4/2021,2953,2990,2908,2924.899902,2834.720459,1509084,3234.399902,3256.75,3170,3195.699951,3195.699951,23965,,,,,,,6/4/2021,3256.75,2990
6/7/2021,2930,2941,2903.949951,2933.100098,2842.667725,802415,3230,3235,3178.5,3189.449951,3189.449951,14005,,,,,,,6/7/2021,3235,2941
6/8/2021,2928,2944.25,2907.5,2926.25,2836.028564,762931,3181,3212.649902,3164.449951,3177.899902,3177.899902,17063,,,,,,,6/8/2021,3212.649902,2944.25
6/9/2021,2930.800049,2965,2919.600098,2943.550049,2852.795166,1340352,3190,3256.5,3160,3193.100098,3193.100098,25405,,,,,,,6/9/2021,3256.5,2965
6/10/2021,2945,2959.300049,2920.649902,2950.600098,2873.784424,1344559,3209.800049,3240,3182.449951,3194.449951,3194.449951,7525,,,,,,,6/10/2021,3240,2959.300049
6/11/2021,2960,2971.600098,2938.600098,2956.25,2879.286865,878445,3220,3224.899902,3161.649902,3174.550049,3174.550049,9913,,,,,,,6/11/2021,3224.899902,2971.600098
6/14/2021,2955.100098,2970,2916.5,2949.899902,2873.102295,746823,3180,3292.850098,3109,3272.550049,3272.550049,23812,,,,,,,6/14/2021,3292.850098,2970
6/15/2021,2970,3050,2960.949951,3042.199951,2962.999756,2262031,3300,3392.949951,3295,3359.550049,3359.550049,58142,,,,,,,6/15/2021,3392.949951,3050
6/16/2021,3029,3042.199951,3005.5,3018.699951,2940.111084,859505,3360.050049,3394,3276.050049,3304.899902,3304.899902,35704,,,,,,,6/16/2021,3394,3042.199951
6/17/2021,3017.949951,3073.949951,3000.5,3060.300049,2980.628662,1533864,3291,3305,3262.75,3287.550049,3287.550049,11865,,,,,,,6/17/2021,3305,3073.949951
6/18/2021,3061.550049,3077.800049,3016.050049,3047.199951,2967.869629,2293860,3310,3373.149902,3253,3317.5,3317.5,76978,,,,,,,6/18/2021,3373.149902,3077.800049
6/21/2021,3024.199951,3079.149902,3021.050049,3068.550049,2988.663818,720491,3320,3320.050049,3275.350098,3311.399902,3311.399902,12527,,,,,,,6/21/2021,3320.050049,3079.149902
6/22/2021,3085,3092.850098,3004.199951,3010.800049,2932.417236,1199238,3344.399902,3408,3290,3372.899902,3372.899902,46948,,,,,,,6/22/2021,3408,3092.850098
6/23/2021,3030,3030,2983.5,2987.350098,2909.577637,1009007,3400,3400,3300.949951,3312.75,3312.75,17625,,,,,,,6/23/2021,3400,3030
6/24/2021,2987.350098,3049.699951,2975.449951,3043.25,2964.022461,985596,3330,3355,3303.300049,3322.75,3322.75,18603,,,,,,,6/24/2021,3355,3049.699951
6/25/2021,3030.199951,3053.5,2985,3003.899902,2925.696777,786964,3315,3345,3308.050049,3315.25,3315.25,6186,,,,,,,6/25/2021,3345,3053.5
6/28/2021,3024,3038.850098,2976.25,2982.949951,2905.291992,891695,3332.5,3353,3278,3335.149902,3335.149902,11206,,,,,,,6/28/2021,3353,3038.850098
6/29/2021,2989,3023.850098,2973.050049,3001.5,2923.359375,1242734,3349,3350,3251.649902,3270.850098,3270.850098,16590,,,,,,,6/29/2021,3350,3023.850098
6/30/2021,2999,3030,2985.649902,2992.699951,2914.788086,924522,3275,3356.449951,3275,3342.399902,3342.399902,20381,,,,,,,6/30/2021,3356.449951,3030
7/1/2021,3008,3026.899902,2997,3021.600098,2942.935791,848235,3344.600098,3376.149902,3307,3314.5,3314.5,6908,,,,,,,7/1/2021,3376.149902,3026.899902
7/2/2021,3032.949951,3038.800049,2999.75,3005,2926.768066,805542,3326,3342.899902,3305.199951,3313.300049,3313.300049,8150,,,,,,,7/2/2021,3342.899902,3038.800049
7/5/2021,3020,3050,3007.100098,3014.800049,2936.312988,863343,3384,3394.75,3341,3359.949951,3359.949951,20883,,,,,,,7/5/2021,3394.75,3050
7/6/2021,3003,3029.5,2996,3002.5,2924.333252,762630,3374.399902,3425,3331.25,3361.25,3361.25,21364,,,,,,,7/6/2021,3425,3029.5
7/7/2021,3065,3069,3011.25,3040.100098,2960.954346,1234865,3395,3400,3330,3395.050049,3395.050049,10657,,,,,,,7/7/2021,3400,3069
7/8/2021,3050,3059,3018.800049,3028.300049,2949.461182,907391,3393,3419.850098,3368.75,3388,3388,9644,,,,,,,7/8/2021,3419.850098,3059
7/9/2021,3022,3039.149902,3007,3010.600098,2932.222168,547082,3399,3399,3363.899902,3378.949951,3378.949951,6647,,,,,,,7/9/2021,3399,3039.149902
7/12/2021,3034.899902,3042.850098,2991.050049,2999.399902,2921.313965,765566,3375,3399,3311.699951,3347.050049,3347.050049,109734,,,,,,,7/12/2021,3399,3042.850098
7/13/2021,3020,3021.100098,2985.350098,2993.850098,2915.908447,703484,3321,3369.300049,3309.25,3355.850098,3355.850098,20079,,,,,,,7/13/2021,3369.300049,3021.100098
7/14/2021,3003,3007.75,2984.199951,3001.949951,2923.797363,470744,3350,3350.300049,3319,3329.149902,3329.149902,14107,,,,,,,7/14/2021,3350.300049,3007.75
7/15/2021,3010,3011,2971.100098,2983.600098,2905.925293,635535,3311,3360,3310,3319.300049,3319.300049,8936,,,,,,,7/15/2021,3360,3011
7/16/2021,2994,3006,2965,2989.300049,2911.476807,1062548,3342,3363.600098,3328,3349.399902,3349.399902,11923,,,,,,,7/16/2021,3363.600098,3006
7/19/2021,2989.300049,2999.699951,2965,2981.949951,2904.318115,837836,3320,3347,3316,3331.149902,3331.149902,84974,,,,,,,7/19/2021,3347,2999.699951
7/20/2021,2996,3179.5,2979.550049,3159.050049,3076.807373,6755922,3335,3418.75,3335,3398.800049,3398.800049,28314,,,,,,,7/20/2021,3418.75,3179.5
7/22/2021,3130,3165,3090,3106.75,3025.869141,1982572,3425,3446.199951,3384,3396.5,3396.5,24220,,,,,,,7/22/2021,3446.199951,3165
7/23/2021,3106,3129.600098,3078.050049,3083.75,3003.468018,815329,3439.5,3439.5,3393.5,3412.050049,3412.050049,7506,,,,,,,7/23/2021,3439.5,3129.600098
7/26/2021,3079.949951,3119,3051.199951,3061.199951,2981.504883,1136884,3419,3499,3401,3485.600098,3485.600098,13921,,,,,,,7/26/2021,3499,3119
7/27/2021,3079.399902,3081.5,3021.300049,3028.649902,2949.802246,904289,3492,3535,3465.350098,3498.100098,3498.100098,24377,,,,,,,7/27/2021,3535,3081.5
7/28/2021,3030.350098,3033,2984,3004.100098,2925.891602,996594,3520,3520,3442.75,3486.550049,3486.550049,8309,,,,,,,7/28/2021,3520,3033
7/29/2021,3004.100098,3039.949951,2990.300049,2997.449951,2919.414307,762683,3515,3522.449951,3491,3501.100098,3501.100098,5873,,,,,,,7/29/2021,3522.449951,3039.949951
7/30/2021,3008,3008.649902,2951.899902,2958.449951,2881.429932,1067423,3505,3519,3476,3500.550049,3500.550049,5888,,,,,,,7/30/2021,3519,3008.649902
8/2/2021,2985.600098,2986.800049,2960.649902,2974.050049,2896.623535,832285,3535,3535,3488,3500.899902,3500.899902,6054,,,,,,,8/2/2021,3535,2986.800049
8/3/2021,3020,3065,2994.199951,3027,2948.195313,2433031,3520,3580,3508,3566.850098,3566.850098,13827,,,,,,,8/3/2021,3580,3065
8/4/2021,3040.600098,3053.300049,3012,3018.600098,2940.01416,659295,3562,3608,3536.649902,3592.199951,3592.199951,18773,,,,,,,8/4/2021,3608,3053.300049
8/5/2021,3034,3040,2980.050049,2988.399902,2910.599854,693694,3619.399902,3621,3551,3562.600098,3562.600098,6992,,,,,,,8/5/2021,3621,3040
8/6/2021,2995,3001,2961.449951,2966.449951,2889.221436,744159,3560,3625,3522.050049,3529.050049,3529.050049,8907,,,,,,,8/6/2021,3625,3001
8/9/2021,2994.649902,3015,2973.050049,2992.550049,2914.64209,825462,3535,3576.25,3500,3522.300049,3522.300049,11349,,,,,,,8/9/2021,3576.25,3015
8/10/2021,2998,3008.300049,2960.550049,2977.149902,2899.642822,724335,3557.899902,3583.699951,3516.399902,3550.649902,3550.649902,9004,,,,,,,8/10/2021,3583.699951,3008.300049
8/11/2021,2987.399902,3001.449951,2952.550049,2972.600098,2895.211914,987941,3560,3574.899902,3467.149902,3562.550049,3562.550049,8943,,,,,,,8/11/2021,3574.899902,3001.449951
8/12/2021,2974,2985.25,2958,2975.5,2898.035889,438552,3570,3591.649902,3548.300049,3562.550049,3562.550049,5049,,,,,,,8/12/2021,3591.649902,2985.25
8/13/2021,2980.899902,3002,2973.100098,2988.699951,2910.892578,572250,3571,3630,3520,3593.649902,3593.649902,28507,,,,,,,8/13/2021,3630,3002
8/16/2021,2980,2984.149902,2960,2971.399902,2894.04248,461742,3609,3655.949951,3566.800049,3633.5,3633.5,16501,,,,,,,8/16/2021,3655.949951,2984.149902
8/17/2021,2974,3044,2973.100098,3015.300049,2936.799805,2036757,3640,3645.699951,3603,3632.5,3632.5,9440,,,,,,,8/17/2021,3645.699951,3044
8/18/2021,3048,3048,2992.550049,3001.550049,2923.407715,1375320,3636,3669.800049,3626.649902,3651.550049,3651.550049,10853,,,,,,,8/18/2021,3669.800049,3048
8/20/2021,3001.5,3124.050049,3001.5,3112.949951,3031.907471,3931334,3655,3707.550049,3620,3641.800049,3641.800049,23860,,,,,,,8/20/2021,3707.550049,3124.050049
8/23/2021,3159.050049,3163.850098,3051,3077.449951,2997.331787,1578949,3662,3700,3645.300049,3673.050049,3673.050049,7436,,,,,,,8/23/2021,3700,3163.850098
8/24/2021,3092.800049,3092.800049,3034.550049,3045.949951,2966.651855,763704,3709.899902,3766.25,3682,3708.850098,3708.850098,20799,,,,,,,8/24/2021,3766.25,3092.800049
8/25/2021,3026,3070,3012.600098,3038.050049,2958.957764,797870,3740,3843.399902,3720,3789.100098,3789.100098,32022,,,,,,,8/25/2021,3843.399902,3070
8/26/2021,3064,3084.5,3026.199951,3039.649902,2960.515869,1319516,3810,3888,3802.25,3845.100098,3845.100098,19871,,,,,,,8/26/2021,3888,3084.5
8/27/2021,3040.449951,3057.949951,3020.5,3036.800049,2957.73999,634375,3904.949951,3909.5,3810.100098,3829.800049,3829.800049,20585,,,,,,,8/27/2021,3909.5,3057.949951
8/30/2021,3056.699951,3114.25,3048.050049,3108.75,3027.816895,1051747,3870,3900,3835,3890.100098,3890.100098,14714,,,,,,,8/30/2021,3900,3114.25
8/31/2021,3108.75,3210,3103.050049,3201.350098,3118.006348,2283290,3900,3979.149902,3872,3955.300049,3955.300049,718464,,,,,,,8/31/2021,3979.149902,3210
9/1/2021,3230.050049,3333,3215,3302.75,3216.766846,2423168,3985,4012.699951,3960.300049,3969.050049,3969.050049,20413,,,,,,,9/1/2021,4012.699951,3333
9/2/2021,3312.949951,3319,3266.649902,3301.600098,3215.646484,847517,3985,3985,3913,3919.649902,3919.649902,21124,,,,,,,9/2/2021,3985,3319
9/3/2021,3301.600098,3344.949951,3286.5,3338.800049,3251.87793,832039,3936,3962.550049,3920.550049,3939.949951,3939.949951,16956,,,,,,,9/3/2021,3962.550049,3344.949951
9/6/2021,3342,3347.699951,3305.899902,3315.550049,3229.233154,664394,3973.699951,3973.699951,3902.25,3920.75,3920.75,17152,,,,,,,9/6/2021,3973.699951,3347.699951
9/7/2021,3333.5,3394.600098,3323.850098,3336.25,3249.394287,1285818,3935,3963.600098,3875.100098,3936.600098,3936.600098,12603,,,,,,,9/7/2021,3963.600098,3394.600098
9/8/2021,3345,3361.550049,3297,3336.600098,3249.735352,702598,3955,3976.899902,3924.449951,3933.350098,3933.350098,7887,,,,,,,9/8/2021,3976.899902,3361.550049
9/9/2021,3305,3359,3305,3346.350098,3259.231689,591745,3925.100098,3962,3909.600098,3953.649902,3953.649902,12148,,,,,,,9/9/2021,3962,3359
9/13/2021,3346.600098,3374,3330.350098,3367.050049,3279.392334,610920,3941,3984.949951,3941,3962.25,3962.25,17573,,,,,,,9/13/2021,3984.949951,3374
9/14/2021,3384.899902,3388.600098,3356.850098,3362.5,3274.960938,569412,3975,4000,3963.5,3979.949951,3979.949951,20509,,,,,,,9/14/2021,4000,3388.600098
9/15/2021,3361.850098,3383.949951,3346.949951,3352.300049,3265.026855,587855,3980,3992.5,3957.649902,3981.899902,3981.899902,16045,,,,,,,9/15/2021,3992.5,3383.949951
9/16/2021,3350,3371,3335,3342.100098,3255.092041,516746,3989.899902,4099,3984.949951,4080.850098,4080.850098,29361,,,,,,,9/16/2021,4099,3371
9/17/2021,3352,3382,3285.050049,3303.050049,3217.058594,1545695,4115,4293.75,4111.799805,4241.899902,4241.899902,33568,,,,,,,9/17/2021,4293.75,3382
9/20/2021,3299.949951,3315,3265,3271.550049,3186.378906,689288,4215,4432.25,4150,4362.200195,4362.200195,45936,,,,,,,9/20/2021,4432.25,3315
9/21/2021,3271.550049,3335,3271,3309.199951,3223.04834,922057,4415,4450,4303.850098,4367.100098,4367.100098,49014,,,,,,,9/21/2021,4450,3335
9/22/2021,3328.5,3329.949951,3288.25,3317.5,3231.132324,825945,4352,4416,4331.200195,4379.149902,4379.149902,31338,,,,,,,9/22/2021,4416,3329.949951
9/23/2021,3340,3340,3315,3320.649902,3234.200439,694716,4410,4495,4372.450195,4410.600098,4410.600098,187826,,,,,,,9/23/2021,4495,3340
9/24/2021,3330,3505,3320.850098,3448.600098,3358.819824,2775975,4449,4461.950195,4405.5,4421.649902,4421.649902,18105,,,,,,,9/24/2021,4461.950195,3505
9/27/2021,3461.600098,3470,3417.649902,3430.649902,3341.336426,902449,4450,4450,4298.799805,4386.549805,4386.549805,24669,,,,,,,9/27/2021,4450,3470
9/28/2021,3424.899902,3429.699951,3350,3379.699951,3291.713135,961271,4399.899902,4423.899902,4291.649902,4313.799805,4313.799805,28885,,,,,,,9/28/2021,4423.899902,3429.699951
9/29/2021,3365,3381.699951,3310,3323.050049,3236.538086,973387,4315,4389.200195,4203,4247,4247,14719,,,,,,,9/29/2021,4389.200195,3381.699951
9/30/2021,3329.899902,3347.699951,3220,3244.649902,3160.178711,2077896,4265,4307.299805,4212.5,4243.850098,4243.850098,12795,,,,,,,9/30/2021,4307.299805,3347.699951
10/1/2021,3248,3252.949951,3170,3177.850098,3095.118408,1512332,4250,4284.25,4220,4239.25,4239.25,10059,,,,,,,10/1/2021,4284.25,3252.949951
10/4/2021,3202.800049,3230.5,3178,3201.600098,3118.249756,921241,4380,4465.75,4234.299805,4254.5,4254.5,53197,,,,,,,10/4/2021,4465.75,3230.5
10/5/2021,3208.550049,3260,3191.649902,3254.75,3170.015869,909337,4284,4284,4247.25,4258.950195,4258.950195,14660,,,,,,,10/5/2021,4284,3260
10/6/2021,3262,3280,3200.649902,3212.25,3128.622314,786378,4280,4282,4205,4218.75,4218.75,23475,,,,,,,10/6/2021,4282,3280
10/7/2021,3220,3318,3220,3290.850098,3205.176514,1177283,4260,4335.100098,4254.549805,4311,4311,41020,,,,,,,10/7/2021,4335.100098,3318
10/8/2021,3307,3329,3264.100098,3306.899902,3220.808105,882436,4334,4420,4300,4408.049805,4408.049805,18789,,,,,,,10/8/2021,4420,3329
10/11/2021,3326.399902,3344.350098,3297.75,3306.050049,3219.980469,460197,4435,4837,4422.600098,4719.399902,4719.399902,246478,,,,,,,10/11/2021,4837,3344.350098
10/12/2021,3280,3335,3280,3323.25,3236.732666,564524,4799,4892.200195,4719,4737.75,4737.75,47165,,,,,,,10/12/2021,4892.200195,3335
10/13/2021,3343,3358.899902,3291.399902,3323.5,3236.976318,770144,4755,5599.299805,4755,5122.549805,5122.549805,138983,,,,,,,10/13/2021,5599.299805,3358.899902
10/14/2021,3342,3352.949951,3290,3297.800049,3211.945313,648597,5187,5420,5179.899902,5329.649902,5329.649902,110885,,,,,,,10/14/2021,5420,3352.949951
10/18/2021,3252.5,3283.949951,3232,3241.5,3157.111084,1576121,5640,5899.899902,4850.100098,4894.899902,4894.899902,338841,,,,,,,10/18/2021,5899.899902,3283.949951
10/19/2021,3260.899902,3269.100098,3176.100098,3183.75,3100.864014,1042069,5002,5106.049805,4727,4755.549805,4755.549805,101318,,,,,,,10/19/2021,5106.049805,3269.100098
10/20/2021,3190,3219.949951,3136.649902,3169.600098,3087.083008,1205540,4785,4859.950195,4471,4610.450195,4610.450195,357300,,,,,,,10/20/2021,4859.950195,3219.949951
10/21/2021,3194,3195.449951,2920.449951,3002,2923.845947,5103543,4620,4700,4500,4514.399902,4514.399902,90467,,,,,,,10/21/2021,4700,3195.449951
10/22/2021,2975,3002.949951,2912.149902,2982.399902,2904.756104,2855592,4545.299805,4560.700195,4482,4521.549805,4521.549805,36175,,,,,,,10/22/2021,4560.700195,3002.949951
10/25/2021,2950,2950,2857.25,2918.050049,2842.081787,2161537,4550,4571.5,4350,4398.649902,4398.649902,68805,,,,,,,10/25/2021,4571.5,2950
10/26/2021,2918.050049,3024,2898,2969.800049,2892.484619,1988263,4402,4600,4364.850098,4569,4569,45982,,,,,,,10/26/2021,4600,3024
10/27/2021,3029.199951,3145,3029.199951,3094.649902,3014.083984,4609951,4620,4771.799805,4600,4731.600098,4731.600098,64256,,,,,,,10/27/2021,4771.799805,3145
10/28/2021,3103,3147.600098,3062,3116.300049,3038.754639,1791065,4748.950195,4779.850098,4621,4677.149902,4677.149902,20689,,,,,,,10/28/2021,4779.850098,3147.600098
10/29/2021,3125,3144.699951,3083.300049,3100.100098,3022.957764,1118903,4670,4721,4554.399902,4632.049805,4632.049805,51255,,,,,,,10/29/2021,4721,3144.699951
11/1/2021,3128,3142.25,3091.649902,3121.800049,3044.117676,750393,4663,4711.399902,4550,4559.75,4559.75,19271,,,,,,,11/1/2021,4711.399902,3142.25
11/2/2021,3120,3139.800049,3080,3103.350098,3026.126953,881916,4590,4669.799805,4581.5,4595.549805,4595.549805,17203,,,,,,,11/2/2021,4669.799805,3139.800049
11/3/2021,3102.100098,3182.899902,3095,3170.649902,3091.752197,879227,4650,4793.950195,4600,4720.200195,4720.200195,20538,,,,,,,11/3/2021,4793.950195,3182.899902
11/4/2021,3179,3190,3145,3159.25,3080.635742,263595,4768.100098,4825.950195,4761.049805,4783.700195,4783.700195,9170,,,,,,,11/4/2021,4825.950195,3190
11/8/2021,3165,3181,3095.149902,3138,3059.914551,787824,4784,4864,4719.600098,4749.200195,4749.200195,29933,,,,,,,11/8/2021,4864,3181
11/9/2021,3140,3155,3120,3145.149902,3066.88623,668840,4750,4772.75,4723.200195,4755.399902,4755.399902,20190,,,,,,,11/9/2021,4772.75,3155
11/10/2021,3132,3136.649902,3080.5,3108.300049,3030.953857,872975,4750,4998.950195,4726.799805,4965.200195,4965.200195,40029,,,,,,,11/10/2021,4998.950195,3136.649902
11/11/2021,3090,3106.649902,3052,3063.5,2987.268311,958143,4959,5040,4900,4997.75,4997.75,83797,,,,,,,11/11/2021,5040,3106.649902
11/12/2021,3089,3128,3075.800049,3122.899902,3045.190186,682344,5032,5095.049805,5027.25,5077.200195,5077.200195,57569,,,,,,,11/12/2021,5095.049805,3128
11/15/2021,3126,3180,3126,3168.699951,3089.850098,696377,5080,5081.600098,4984.25,5019.200195,5019.200195,13206,,,,,,,11/15/2021,5081.600098,3180
11/16/2021,3165,3209,3120.100098,3151.699951,3073.273682,1400107,5045,5098.950195,4985,5082.200195,5082.200195,25465,,,,,,,11/16/2021,5098.950195,3209
11/17/2021,3170,3239.899902,3165.050049,3230.25,3149.869141,1616452,5080,5177.450195,5078,5124.100098,5124.100098,46972,,,,,,,11/17/2021,5177.450195,3239.899902
11/18/2021,3249.850098,3260,3214,3226.850098,3146.553711,1609821,5124.100098,5178.549805,5040,5082.799805,5082.799805,30575,,,,,,,11/18/2021,5178.549805,3260
11/22/2021,3241,3308.350098,3215.050049,3261.25,3180.097656,2146970,5082,5085.049805,4785.350098,4829,4829,86708,,,,,,,11/22/2021,5085.049805,3308.350098
11/23/2021,3261.25,3288.300049,3171.550049,3185.550049,3106.281738,1482618,4766.399902,4919.700195,4754.299805,4841.75,4841.75,45250,,,,,,,11/23/2021,4919.700195,3288.300049
11/24/2021,3186.050049,3208.899902,3150,3157,3078.44165,1056213,4880,4959.950195,4853,4882.049805,4882.049805,15717,,,,,,,11/24/2021,4959.950195,3208.899902
11/25/2021,3156.5,3173.350098,3113,3144.25,3066.009033,728825,4915,4930.049805,4855.700195,4891.600098,4891.600098,8358,,,,,,,11/25/2021,4930.049805,3173.350098
11/26/2021,3101,3167.350098,3091,3143.100098,3064.887695,1029110,4874,4874,4703,4718.75,4718.75,27619,,,,,,,11/26/2021,4874,3167.350098
11/29/2021,3131,3178.899902,3071.899902,3144.300049,3066.057617,876651,4650,4718.75,4385.75,4675.299805,4675.299805,93170,,,,,,,11/29/2021,4718.75,3178.899902
11/30/2021,3116.149902,3189,3116.149902,3143.649902,3065.423828,2340489,4677,4800,4646.399902,4706.75,4706.75,43538,,,,,,,11/30/2021,4800,3189
12/1/2021,3155.899902,3199.75,3124.100098,3138.149902,3060.060791,1741820,4725,4842.450195,4670,4694.75,4694.75,22164,,,,,,,12/1/2021,4842.450195,3199.75
12/2/2021,3160,3194,3152.25,3180.600098,3101.454834,939320,4741.049805,4795,4713.700195,4785.549805,4785.549805,30818,,,,,,,12/2/2021,4795,3194
12/3/2021,3185,3187.449951,3106,3110.449951,3033.050049,1216263,4813.549805,4850,4775.600098,4800.450195,4800.450195,28730,,,,,,,12/3/2021,4850,3187.449951
12/6/2021,3115,3115,3028.25,3038.300049,2962.695801,1107363,4822,4822,4580.450195,4596.549805,4596.549805,47806,,,,,,,12/6/2021,4822,3115
12/7/2021,3040,3069,3016.449951,3030.350098,2954.943359,2056459,4678,4716,4610.950195,4660.899902,4660.899902,31897,,,,,,,12/7/2021,4716,3069
12/8/2021,3031.899902,3123,3031,3108.5,3031.148438,1171484,4709.75,4840,4709.75,4816.350098,4816.350098,44443,,,,,,,12/8/2021,4840,3123
12/9/2021,3152.399902,3183.050049,3111,3178.699951,3099.601807,1287243,4839.5,4875.200195,4777.5,4820.799805,4820.799805,29450,,,,,,,12/9/2021,4875.200195,3183.050049
12/10/2021,3184,3292,3178.699951,3283.149902,3201.452393,2554394,4810,4810,4775.450195,4795.850098,4795.850098,6939,,,,,,,12/10/2021,4810,3292
12/13/2021,3285.100098,3341,3270.949951,3279.850098,3198.234863,1265832,4839,4871.549805,4751,4766.600098,4766.600098,12164,,,,,,,12/13/2021,4871.549805,3341
12/14/2021,3274,3305,3249,3297.5,3215.445313,863179,4770,4837.75,4716.049805,4814.049805,4814.049805,74491,,,,,,,12/14/2021,4837.75,3305
12/15/2021,3278.149902,3313.949951,3266.5,3301.949951,3219.784668,811946,4785.299805,4810.5,4741,4750.350098,4750.350098,9857,,,,,,,12/15/2021,4810.5,3313.949951
12/16/2021,3325,3325,3270.600098,3298.600098,3216.518555,502930,4790,4812.399902,4726.850098,4739.5,4739.5,17018,,,,,,,12/16/2021,4812.399902,3325
12/17/2021,3275,3293.300049,3227.699951,3243.699951,3162.984131,1019403,4780,4788,4671.75,4696.899902,4696.899902,11790,,,,,,,12/17/2021,4788,3293.300049
12/20/2021,3227,3275,3181,3239.449951,3158.840088,948872,4683,4686.799805,4553.600098,4615.850098,4615.850098,20601,,,,,,,12/20/2021,4686.799805,3275
12/21/2021,3247,3296,3240,3271.350098,3189.946777,712026,4615,4678.100098,4572,4586.850098,4586.850098,12352,,,,,,,12/21/2021,4678.100098,3296
12/22/2021,3275.699951,3285.649902,3241,3280.100098,3198.47876,619865,4605,4695.149902,4587.149902,4655.299805,4655.299805,20699,,,,,,,12/22/2021,4695.149902,3285.649902
12/23/2021,3290,3307.899902,3250,3267.899902,3186.582031,1051596,4695.200195,4695.200195,4635,4648.700195,4648.700195,11913,,,,,,,12/23/2021,4695.200195,3307.899902
12/24/2021,3280,3300,3261,3284.800049,3203.061523,651404,4675.25,4675.25,4615,4627.200195,4627.200195,13971,,,,,,,12/24/2021,4675.25,3300
12/27/2021,3280.100098,3284.75,3226.199951,3272.399902,3190.969971,640701,4620,4679.350098,4559,4669.25,4669.25,13871,,,,,,,12/27/2021,4679.350098,3284.75
12/28/2021,3275.949951,3375,3273,3368.199951,3284.386475,1211648,4675,4759,4644.149902,4722.049805,4722.049805,26702,,,,,,,12/28/2021,4759,3375
12/29/2021,3372.199951,3386,3346.199951,3367.449951,3283.655029,598421,4739,4748,4670.899902,4682.25,4682.25,46783,,,,,,,12/29/2021,4748,3386
12/30/2021,3363.25,3390,3350.300049,3365.699951,3281.948486,691223,4683,4696.850098,4630,4638.799805,4638.799805,10620,,,,,,,12/30/2021,4696.850098,3390
12/31/2021,3390,3405,3361.399902,3382.949951,3298.769043,570671,4638.799805,4689.450195,4638.799805,4669.700195,4669.700195,15530,,,,,,,12/31/2021,4689.450195,3405
1/3/2022,3383,3440.899902,3383,3422.399902,3337.237549,696276,4770,4799,4704.100098,4712.649902,4712.649902,33568,,,,,,,1/3/2022,4799,3440.899902
1/4/2022,3434,3472.449951,3415.050049,3459.300049,3373.219482,790886,4765,4765,4687,4723.100098,4723.100098,29999,,,,,,,1/4/2022,4765,3472.449951
1/5/2022,3470,3540,3452.050049,3526.800049,3439.039551,1024506,4724,4725,4648.799805,4687.5,4687.5,11811,,,,,,,1/5/2022,4725,3540
1/6/2022,3491.149902,3537.550049,3452.149902,3514.649902,3427.19165,1312743,4650,4718.25,4632,4705.299805,4705.299805,26005,,,,,,,1/6/2022,4718.25,3537.550049
1/7/2022,3514.649902,3582,3496.550049,3576.300049,3487.308105,964364,4725,4748.950195,4698,4730.850098,4730.850098,13215,,,,,,,1/7/2022,4748.950195,3582
1/10/2022,3580,3590,3527,3553.5,3465.075439,657511,4798.899902,4798.899902,4620,4633.049805,4633.049805,37235,,,,,,,1/10/2022,4798.899902,3590
1/11/2022,3550.600098,3564,3495.050049,3538.75,3450.692383,734344,4651,4651,4500,4506.200195,4506.200195,31491,,,,,,,1/11/2022,4651,3564
1/12/2022,3556.899902,3582.449951,3534,3543.800049,3455.616943,594543,4499,4499,4165.100098,4277.799805,4277.799805,211117,,,,,,,1/12/2022,4499,3582.449951
1/13/2022,3560,3560,3450,3456.25,3370.245361,1153984,4299.899902,4356.799805,4223.649902,4255.25,4255.25,104496,,,,,,,1/13/2022,4356.799805,3560
1/14/2022,3462,3462,3346,3364.399902,3280.680908,1558978,4270,4347,4255.25,4323.600098,4323.600098,73803,,,,,,,1/14/2022,4347,3462
1/17/2022,3364.399902,3399,3321,3378.649902,3294.575928,1103159,4353.600098,4412.049805,4291,4399.149902,4399.149902,68616,,,,,,,1/17/2022,4412.049805,3399
1/18/2022,3379.050049,3396.449951,3351,3373.699951,3289.749512,558543,4440,4503.600098,4384.649902,4439.850098,4439.850098,32030,,,,,,,1/18/2022,4503.600098,3396.449951
1/19/2022,3370,3370,3267.75,3280.399902,3198.770996,1495218,4447,4503.600098,4365.100098,4474.399902,4474.399902,18767,,,,,,,1/19/2022,4503.600098,3370
1/20/2022,3282,3364.899902,3222,3306.399902,3224.123779,3075678,4505,4515,4465,4486.600098,4486.600098,16185,,,,,,,1/20/2022,4515,3364.899902
1/21/2022,3300.050049,3324.949951,3241.75,3274.850098,3193.359375,1441694,4410,4430.450195,4282,4301.399902,4301.399902,65573,,,,,,,1/21/2022,4430.450195,3324.949951
1/24/2022,3268,3270,3135,3155.149902,3076.637451,1575665,4300,4316,3975.25,4036.399902,4036.399902,133461,,,,,,,1/24/2022,4316,3270
1/25/2022,3100,3156.949951,3010.75,3147.100098,3068.788574,2699779,4015,4120,3881.050049,4094.25,4094.25,84559,,,,,,,1/25/2022,4120,3156.949951
1/27/2022,3140.100098,3143,3071.25,3116.949951,3039.388428,1834684,4068.5,4145.200195,3997.850098,4063.350098,4063.350098,30797,,,,,,,1/27/2022,4145.200195,3143
1/28/2022,3130,3170,3103,3110.850098,3033.44043,892060,4112,4150,4050,4072,4072,42699,,,,,,,1/28/2022,4150,3170
1/31/2022,3140,3193.449951,3136.399902,3152.25,3073.810059,944530,4140,4167.75,4095,4116.399902,4116.399902,14671,,,,,,,1/31/2022,4167.75,3193.449951
2/1/2022,3194,3212.350098,3141.600098,3196.25,3116.715088,1008915,4140,4275,4089.100098,4223.149902,4223.149902,37392,,,,,,,2/1/2022,4275,3212.350098
2/2/2022,3204.800049,3244.149902,3192.149902,3197.699951,3118.12915,667265,4283,4283,4213.549805,4243.299805,4243.299805,14377,,,,,,,2/2/2022,4283,3244.149902
2/3/2022,3212.850098,3241.600098,3190.199951,3203,3123.297119,899753,4249.950195,4249.950195,4125,4138.5,4138.5,32029,,,,,,,2/3/2022,4249.950195,3241.600098
2/4/2022,3188,3248.800049,3176.050049,3236.649902,3156.109619,705765,4138.5,4138.5,4075.949951,4083.25,4083.25,11087,,,,,,,2/4/2022,4138.5,3248.800049
2/7/2022,3234,3251.199951,3143.100098,3174.699951,3095.701172,860393,4088,4145,4045.050049,4071.5,4071.5,29279,,,,,,,2/7/2022,4145,3251.199951
2/8/2022,3179,3223.5,3166.199951,3216.350098,3136.314941,799206,4087,4125,3995.199951,4012.899902,4012.899902,15148,,,,,,,2/8/2022,4125,3223.5
2/9/2022,3230,3259,3222.75,3228.350098,3148.016113,472725,4075,4075,3980,4003.800049,4003.800049,15686,,,,,,,2/9/2022,4075,3259
2/10/2022,3220,3248,3176,3238.75,3158.157471,728666,4025,4179,4001,4162.950195,4162.950195,50041,,,,,,,2/10/2022,4179,3248
2/11/2022,3229.949951,3229.949951,3182.5,3216.300049,3136.266357,587840,4067.600098,4155.75,4067.600098,4139.350098,4139.350098,30438,,,,,,,2/11/2022,4155.75,3229.949951
2/14/2022,3140,3182.699951,3120,3143.449951,3065.22876,681236,3980.649902,4126,3980.649902,4082.25,4082.25,35383,,,,,,,2/14/2022,4126,3182.699951
2/15/2022,3140,3270,3132.850098,3264.600098,3183.364258,676844,4140,4153,4035,4049.25,4049.25,23803,,,,,,,2/15/2022,4153,3270
2/16/2022,3280,3285.100098,3223,3252.850098,3171.906982,624320,4118,4151.5,4082.050049,4116.649902,4116.649902,7807,,,,,,,2/16/2022,4151.5,3285.100098
2/17/2022,3273,3294.949951,3236.399902,3265.850098,3184.583252,636735,4071,4121.799805,4055.449951,4070.699951,4070.699951,15842,,,,,,,2/17/2022,4121.799805,3294.949951
2/18/2022,3236.149902,3272,3230.050049,3258.449951,3177.367188,423801,4060,4169.799805,3992,4092.5,4092.5,18078,,,,,,,2/18/2022,4169.799805,3272
2/21/2022,3235,3278.449951,3204.149902,3251.649902,3170.736328,547472,4041,4184.200195,3990.050049,4156.5,4156.5,19930,,,,,,,2/21/2022,4184.200195,3278.449951
2/22/2022,3120,3236.800049,3120,3227.149902,3146.846191,1147209,4160,4214.799805,4137.350098,4196,4196,14409,,,,,,,2/22/2022,4214.799805,3236.800049
2/23/2022,3236.899902,3296.899902,3230,3237.199951,3156.645996,935896,3951,4138.950195,3951,4022.449951,4022.449951,91444,,,,,,,2/23/2022,4138.950195,3296.899902
2/24/2022,3130,3197.800049,3051.5,3069.050049,2992.68042,1823450,4047.550049,4210,4039.350098,4189.75,4189.75,51015,,,,,,,2/24/2022,4210,3197.800049
2/25/2022,3105,3141.449951,3083.050049,3119.199951,3041.582275,1239456,4187,4351,4063.449951,4339.850098,4339.850098,24618,,,,,,,2/25/2022,4351,3141.449951
2/28/2022,3090,3190.5,3015,3174.649902,3095.652344,1678348,4280.049805,4447.549805,4271,4296.200195,4296.200195,22980,,,,,,,2/28/2022,4447.549805,3190.5
3/2/2022,3107,3111.199951,2991.100098,3028.949951,2953.577881,3014206,4350,4398.850098,4254,4272.350098,4272.350098,28601,,,,,,,3/2/2022,4398.850098,3111.199951
3/3/2022,3029,3051,2862,2871.899902,2800.436035,4406840,4263.899902,4263.899902,4077,4108.450195,4108.450195,25825,,,,,,,3/3/2022,4263.899902,3051
3/4/2022,2863.800049,2863.800049,2662.050049,2738.149902,2670.01416,6979253,4010,4174.950195,3970,3990.850098,3990.850098,37833,,,,,,,3/4/2022,4174.950195,2863.800049
3/7/2022,2649.899902,2727.949951,2599.350098,2708.449951,2641.053223,3233760,4047.899902,4160,3993,4114,4114,21598,,,,,,,3/7/2022,4160,2727.949951
3/8/2022,2690,2736.949951,2638,2723.399902,2655.631348,2611102,4135.5,4170,4070.050049,4098.200195,4098.200195,16296,,,,,,,3/8/2022,4170,2736.949951
3/9/2022,2750,2890,2665.050049,2874.949951,2803.4104,4076068,4195,4238.799805,4141.600098,4167.25,4167.25,47093,,,,,,,3/9/2022,4238.799805,2890
3/10/2022,3000,3040,2891.199951,2912.800049,2840.318359,3971987,4190,4207.450195,4110.649902,4199.549805,4199.549805,12794,,,,,,,3/10/2022,4207.450195,3040
3/11/2022,2917,2939.949951,2882.350098,2932,2859.040771,1265493,4181,4216,4150.049805,4167.049805,4167.049805,425518,,,,,,,3/11/2022,4216,2939.949951
3/14/2022,2950,2972.350098,2917.300049,2962.800049,2889.073975,1214217,4200,4251,4170,4222.75,4222.75,26853,,,,,,,3/14/2022,4251,2972.350098
3/15/2022,2998,3032,2966,2987.149902,2912.818359,1857685,4225,4240,4156.5,4169.649902,4169.649902,13861,,,,,,,3/15/2022,4240,3032
3/16/2022,3043,3050,3010.75,3042,2966.303467,1287234,4225,4239.850098,4165.549805,4193.100098,4193.100098,28852,,,,,,,3/16/2022,4239.850098,3050
3/17/2022,3113.5,3163.300049,3076.5,3136.600098,3058.549316,2867519,4203,4210,4082,4097.399902,4097.399902,30205,,,,,,,3/17/2022,4210,3163.300049
3/21/2022,3117.300049,3117.300049,3030.100098,3045.75,2969.959961,1259015,4121.100098,4121.100098,4031.100098,4055.050049,4055.050049,24369,,,,,,,3/21/2022,4121.100098,3117.300049
3/22/2022,3024,3062.699951,2975,3051.149902,2975.225342,1515772,4080,4116.450195,4067.350098,4089.300049,4089.300049,29285,,,,,,,3/22/2022,4116.450195,3062.699951
3/23/2022,3060,3079.899902,3005,3016.800049,2941.730225,948403,,,,,,,,,,,,,3/23/2022,,3079.899902
